{"count":1,"self":1425.1687935999998,"total":4008.6025778,"children":{"InitializeActuators":{"count":1,"self":0.0020012999999999997,"total":0.0020012999999999997,"children":null},"InitializeSensors":{"count":1,"self":0.000997,"total":0.000997,"children":null},"AgentSendState":{"count":3010501,"self":7.3154271999999994,"total":17.0344931,"children":{"CollectObservations":{"count":301051,"self":1.2607572,"total":1.2607572,"children":null},"WriteActionMask":{"count":301051,"self":0.32584009999999997,"total":0.32584009999999997,"children":null},"RequestDecision":{"count":301051,"self":2.4686779999999997,"total":8.1324689,"children":{"AgentInfo.ToProto":{"count":301051,"self":2.2258252,"total":5.6637908999999995,"children":{"GenerateSensorData":{"count":301051,"self":3.4379656,"total":3.4379657999999997,"children":null}}}}}}},"DecideAction":{"count":3010501,"self":2544.0608256,"total":2544.0607973,"children":null},"AgentAct":{"count":3010501,"self":21.6372304,"total":22.3335223,"children":{"AgentInfo.ToProto":{"count":39310,"self":0.2725108,"total":0.6962912,"children":{"GenerateSensorData":{"count":39310,"self":0.4237804,"total":0.4237804,"children":null}}}}}},"gauges":{"RollerBall.CumulativeReward":{"count":39310,"max":2,"min":0,"runningAverage":1.03753579,"value":1,"weightedAverage":1.00929427}},"metadata":{"timer_format_version":"0.1.0","start_time_seconds":"1616675607","unity_version":"2020.3.1f1","command_line_arguments":"C:\\Program Files\\Unity\\Hub\\Editor\\2020.3.1f1\\Editor\\Unity.exe -projectpath C:\\Users\\AJH\\Desktop\\UnityProject\\Study\\RollerBall -useHub -hubIPC -cloudEnvironment production -hubSessionId 368df970-8cb7-11eb-beaf-23e825d9467b","communication_protocol_version":"1.5.0","com.unity.ml-agents_version":"1.9.0-preview","scene_name":"SampleScene","end_time_seconds":"1616679615"}}